{"steerAngle":125,"maxSpeed":25.5,"sensorSpeed":13.022692,"imuAcc":[0.06867885,0.5788811,0.3548923],"cameraPos":[-0.5,1.0,0.92038816,-0.006115875],"imuMag":4.3720317,"imuGyro":[0.13161962,0.44011256,0.72986996]}{"steerAngle":130,"maxSpeed":30.0,"sensorSpeed":4.7531257,"imuAcc":[0.8165854,0.5272334,0.92938626],"cameraPos":[-0.5,1.0,0.79486316,-0.018376812],"imuMag":329.8792,"imuGyro":[0.36428353,0.07549225,0.46838143]}{"steerAngle":131,"maxSpeed":32.5,"sensorSpeed":2.879267,"imuAcc":[0.8578609,0.52323055,0.13751835],"cameraPos":[-0.5,1.0,0.26364776,0.033845775],"imuMag":19.393236,"imuGyro":[0.5736557,0.9427793,0.57517576]}{"steerAngle":122,"maxSpeed":20.0,"sensorSpeed":10.425077,"imuAcc":[0.5222279,0.91777474,0.50348985],"cameraPos":[-0.5,1.0,1.7621676,-0.07479566],"imuMag":295.90512,"imuGyro":[0.7776056,0.38697654,0.5759439]}{"steerAngle":120,"maxSpeed":27.5,"sensorSpeed":2.7170248,"imuAcc":[0.76878,0.28664988,0.4180378],"cameraPos":[-0.5,1.0,1.6994157,-0.087015204],"imuMag":275.50845,"imuGyro":[0.392964,0.69500375,0.79320604]}{"steerAngle":123,"maxSpeed":30.5,"sensorSpeed":8.704631,"imuAcc":[0.10194155,0.21450748,0.95975596],"cameraPos":[-0.5,1.0,1.8872385,0.009107036],"imuMag":222.40788,"imuGyro":[0.68951875,0.4268776,0.024548119]}{"steerAngle":119,"maxSpeed":28.0,"sensorSpeed":6.759899,"imuAcc":[0.9537064,0.4309222,0.15616144],"cameraPos":[-0.5,1.0,0.39492428,0.07536497],"imuMag":304.84302,"imuGyro":[0.56668717,0.5170176,0.5510147]}{"steerAngle":119,"maxSpeed":29.0,"sensorSpeed":6.036704,"imuAcc":[0.93468034,0.035868518,0.18139797],"cameraPos":[-0.5,1.0,0.6630989,0.016707338],"imuMag":74.04375,"imuGyro":[0.21259181,0.58896613,0.5810752]}{"steerAngle":130,"maxSpeed":37.0,"sensorSpeed":5.057354,"imuAcc":[0.78851956,0.6429818,0.3297516],"cameraPos":[-0.5,1.0,1.4673393,0.08947861],"imuMag":32.08806,"imuGyro":[0.82375205,0.48692003,0.6845741]}{"steerAngle":120,"maxSpeed":26.5,"sensorSpeed":0.002637804,"imuAcc":[0.3265689,0.79250383,0.1770754],"cameraPos":[-0.5,1.0,0.57760906,0.04831728],"imuMag":5.279814,"imuGyro":[0.8802957,0.9013749,0.46101344]}{"steerAngle":128,"maxSpeed":22.0,"sensorSpeed":3.9534843,"imuAcc":[0.6114551,0.93518937,0.66959494],"cameraPos":[-0.5,1.0,1.6198312,0.07709437],"imuMag":221.80219,"imuGyro":[0.1623036,0.17890123,0.4842702]}{"steerAngle":128,"maxSpeed":35.0,"sensorSpeed":4.8687205,"imuAcc":[0.95353866,0.4327392,0.9385953],"cameraPos":[-0.5,1.0,1.5721071,-0.08093273],"imuMag":127.225525,"imuGyro":[0.13979536,0.31403986,0.18525687]}{"steerAngle":120,"maxSpeed":21.5,"sensorSpeed":14.713368,"imuAcc":[0.7218774,0.6111078,0.5980932],"cameraPos":[-0.5,1.0,0.5540704,-0.024445979],"imuMag":209.59642,"imuGyro":[0.8353706,0.5741278,0.90069765]}{"steerAngle":124,"maxSpeed":22.0,"sensorSpeed":13.895649,"imuAcc":[0.21689406,0.96925265,0.89221483],"cameraPos":[-0.5,1.0,0.09111999,-0.0999739],"imuMag":329.41406,"imuGyro":[0.9982682,0.29969177,0.89801717]}{"steerAngle":129,"maxSpeed":21.0,"sensorSpeed":12.036458,"imuAcc":[0.7209613,0.007665208,0.10919548],"cameraPos":[-0.5,1.0,0.21251374,-0.005338338],"imuMag":213.68622,"imuGyro":[0.91219145,0.35879883,0.633764]}{"steerAngle":122,"maxSpeed":20.5,"sensorSpeed":8.486159,"imuAcc":[0.8235114,0.7890505,0.3305234],"cameraPos":[-0.5,1.0,0.5642909,-0.07053924],"imuMag":295.11368,"imuGyro":[0.6691287,0.38095507,0.3975308]}{"steerAngle":130,"maxSpeed":26.5,"sensorSpeed":14.043395,"imuAcc":[0.94503665,0.4617543,0.7038822],"cameraPos":[-0.5,1.0,0.26106957,-0.080848895],"imuMag":242.42633,"imuGyro":[0.025798956,0.42356992,0.9566454]}{"steerAngle":132,"maxSpeed":22.5,"sensorSpeed":2.4219303,"imuAcc":[0.21152304,0.81265426,0.38728005],"cameraPos":[-0.5,1.0,0.09185136,-0.019585531],"imuMag":125.39445,"imuGyro":[0.26659015,0.6535984,0.9794496]}{"steerAngle":118,"maxSpeed":38.0,"sensorSpeed":1.2616427,"imuAcc":[0.30787066,0.6462454,0.56747067],"cameraPos":[-0.5,1.0,0.8727119,0.09105127],"imuMag":334.0888,"imuGyro":[0.54990506,0.22565597,0.31621242]}{"steerAngle":124,"maxSpeed":25.0,"sensorSpeed":10.548241,"imuAcc":[0.64200014,0.6401059,0.060554903],"cameraPos":[-0.5,1.0,1.956012,-0.022395648],"imuMag":256.74646,"imuGyro":[0.98314685,0.043550234,0.3700149]}{"steerAngle":132,"maxSpeed":33.5,"sensorSpeed":2.4558187,"imuAcc":[0.2060437,0.16250385,0.2682004],"cameraPos":[-0.5,1.0,1.4519665,0.082368396],"imuMag":235.03517,"imuGyro":[0.38582835,0.20892952,0.8562135]}{"steerAngle":132,"maxSpeed":23.5,"sensorSpeed":10.336878,"imuAcc":[0.55039364,0.26951712,0.697967],"cameraPos":[-0.5,1.0,1.9556309,0.014605463],"imuMag":138.01259,"imuGyro":[0.8236283,0.2399049,0.58566266]}{"steerAngle":126,"maxSpeed":40.5,"sensorSpeed":6.5627465,"imuAcc":[0.72401965,0.87762886,0.62109756],"cameraPos":[-0.5,1.0,0.35361174,0.042003836],"imuMag":87.93663,"imuGyro":[0.9565929,0.6255659,0.026739223]}{"steerAngle":128,"maxSpeed":27.0,"sensorSpeed":4.7349815,"imuAcc":[0.2665801,0.7489933,0.5824829],"cameraPos":[-0.5,1.0,1.7486433,-0.09204165],"imuMag":18.524162,"imuGyro":[0.9924468,0.8472455,0.11666923]}{"steerAngle":132,"maxSpeed":30.0,"sensorSpeed":10.902128,"imuAcc":[0.6462506,0.77308714,0.25434512],"cameraPos":[-0.5,1.0,1.7646275,0.0067846617],"imuMag":110.4592,"imuGyro":[0.039653625,0.41110033,0.94575685]}{"steerAngle":126,"maxSpeed":21.0,"sensorSpeed":6.4162207,"imuAcc":[0.7113681,0.0029162331,0.06081692],"cameraPos":[-0.5,1.0,1.0453546,-0.07662069],"imuMag":219.48505,"imuGyro":[0.2873884,0.8267168,0.22270761]}{"steerAngle":128,"maxSpeed":32.5,"sensorSpeed":8.761291,"imuAcc":[0.7788436,0.7401611,0.64390266],"cameraPos":[-0.5,1.0,0.9616215,0.07988105],"imuMag":214.0903,"imuGyro":[0.5706795,0.38220924,0.27854046]}{"steerAngle":128,"maxSpeed":25.0,"sensorSpeed":11.356462,"imuAcc":[0.15182386,0.84515464,0.5326294],"cameraPos":[-0.5,1.0,0.17314176,-0.05000391],"imuMag":296.56927,"imuGyro":[0.19676119,0.7324125,0.76086813]}{"steerAngle":131,"maxSpeed":25.0,"sensorSpeed":7.530994,"imuAcc":[0.07409507,0.53025246,0.106923595],"cameraPos":[-0.5,1.0,1.9356604,0.053052556],"imuMag":10.567558,"imuGyro":[0.62131435,0.07946167,0.32467657]}{"steerAngle":118,"maxSpeed":39.5,"sensorSpeed":1.9848323,"imuAcc":[0.13641015,0.2748307,0.6961124],"cameraPos":[-0.5,1.0,1.3790478,-0.06608051],"imuMag":51.90988,"imuGyro":[0.1598201,0.9593311,0.67620856]}{"steerAngle":130,"maxSpeed":27.0,"sensorSpeed":1.9783063,"imuAcc":[0.3372916,0.06314809,0.5549136],"cameraPos":[-0.5,1.0,0.52909577,-0.0627605],"imuMag":15.483939,"imuGyro":[0.08078019,0.4230937,0.42211366]}{"steerAngle":126,"maxSpeed":29.5,"sensorSpeed":9.356065,"imuAcc":[0.6744055,0.24056865,0.97382885],"cameraPos":[-0.5,1.0,0.55368406,0.06929543],"imuMag":83.199295,"imuGyro":[0.32729074,0.47135854,0.9469046]}{"steerAngle":118,"maxSpeed":24.5,"sensorSpeed":6.1686797,"imuAcc":[0.2917744,0.9214697,0.4483518],"cameraPos":[-0.5,1.0,0.61973536,-0.017311556],"imuMag":170.41443,"imuGyro":[0.79075587,0.3081778,0.038055826]}{"steerAngle":119,"maxSpeed":27.0,"sensorSpeed":12.471259,"imuAcc":[0.89391696,0.04642213,0.91150624],"cameraPos":[-0.5,1.0,0.13446577,-0.034220893],"imuMag":325.76318,"imuGyro":[0.90345705,0.9567817,0.20453626]}{"steerAngle":127,"maxSpeed":37.0,"sensorSpeed":0.11403417,"imuAcc":[0.4193583,0.76316726,0.37014732],"cameraPos":[-0.5,1.0,1.5633597,0.058046967],"imuMag":227.35097,"imuGyro":[0.9910851,0.30513984,0.19447494]}{"steerAngle":126,"maxSpeed":36.0,"sensorSpeed":12.536487,"imuAcc":[0.94545525,0.018177219,0.17568459],"cameraPos":[-0.5,1.0,1.9901185,0.042268988],"imuMag":228.89702,"imuGyro":[0.81183326,0.30643228,0.081534505]}{"steerAngle":131,"maxSpeed":33.0,"sensorSpeed":12.812512,"imuAcc":[0.5581156,0.9879897,0.09256262],"cameraPos":[-0.5,1.0,1.7229756,-0.08434276],"imuMag":99.74161,"imuGyro":[0.78082275,0.1467759,0.4257592]}{"steerAngle":125,"maxSpeed":24.5,"sensorSpeed":0.18291034,"imuAcc":[0.507574,0.25196987,0.16945213],"cameraPos":[-0.5,1.0,1.0453287,-0.050569996],"imuMag":88.962654,"imuGyro":[0.96316236,0.3660326,0.38505554]}{"steerAngle":124,"maxSpeed":39.0,"sensorSpeed":14.474821,